customer_name,order_number,quantity
Lucas Brown,23,2
Liam White,34,2
Lucas Davis,97,2
Isabella Jones,64,2
Emily Brown,93,2
Noah Thompson,90,1
Alexander Harris,12,1
Harper Robinson,24,1
Benjamin Taylor,51,2
Charlotte Robinson,57,1
Henry Lewis,80,2
Amelia Jackson,21,1
Henry Thompson,79,2
Ava Jackson,63,2
Isabella Wilson,74,1
Evelyn Robinson,20,2
Lucas Hernandez,39,2
Alexander Harris,15,1
Mason Martin,62,1
Ethan Smith,22,2
Olivia Harris,40,2
Benjamin Clark,92,1
Amelia Robinson,91,2
Henry Jones,46,1
Camila Taylor,31,2
Ethan Moore,60,2
Ava Thompson,61,2
Liam Lopez,88,2
Evelyn White,55,2
Abigail Davis,37,2
Benjamin Thomas,58,2
Alexander Thompson,10,2
Lucas Lopez,48,1
Ava Thompson,87,1
Camila Thompson,43,1
Mason Rodriguez,98,1
Camila Harris,83,2
Liam Lewis,69,2
Lucas Lewis,66,1
Liam Martin,14,1
James Anderson,67,1
Liam Lee,18,1
Ethan Brown,35,1
Noah Lewis,33,1
Henry Smith,100,2
Camila Hernandez,70,1
Henry Thompson,25,1
Evelyn Lopez,77,1
Mason Clark,16,2
Harper Taylor,71,1
Elijah Thompson,76,1
Abigail Lee,29,2
Benjamin Lewis,99,1
Emily Moore,41,1
Sebastian Rodriguez,26,2
Henry Thompson,49,1
James Jones,73,1
Lucas Robinson,27,1
Oliver Lopez,82,1
Mia Miller,54,1
Ella Clark,32,2
Sebastian Perez,11,2
Henry Harris,38,2
Evelyn Miller,84,2
Noah Thompson,30,1
Benjamin Smith,106,1
Ella Moore,85,2
Lucas Anderson,44,2
Lucas Miller,56,2
Henry Jones,95,2
Sophia Garcia,13,2
Lucas Thompson,65,2
Alexander Robinson,52,2
Harper Lopez,72,1
Henry Ramirez,103,1
Abigail Wilson,104,2
Evelyn Robinson,68,1
Liam Thompson,81,2
Lucas Clark,101,2
Charlotte Harris,47,1
Benjamin Perez,19,2
Isabella Moore,75,2
Camila White,78,2
Emma Moore,17,1
Evelyn White,94,2
Liam Robinson,50,1
Sebastian Taylor,86,1
Ella Robinson,107,2
Noah Smith,28,2
Henry Hernandez,108,1
Emily Jackson,53,2
Jackson Davis,59,2
Noah Robinson,102,1
Camila Wilson,36,1
Sophia White,89,2
Evelyn Smith,42,2
Elijah Clark,105,1
James Smith,96,1
Alexander Lewis,45,2
